No.,年月日,目撃年月日,時間,目撃市町村,場所,天候,目撃時のクマ,目撃時の目撃者の行動,目撃した環境,その後の対応,人身被害の有無,推定年齢,目撃頭数,注意事項,緯度,経度,,,
203,2026/9/10,2026年9月10日.,16:00,上野原市,上野原地区羽佐間地内,曇り,クルミらしきものが落ちてきて上を見たらクマらしきものを見た。その後はどこに行ったか不明。,小学生,山間部の道路,防災無線等による注意喚起、周辺パトロール,無し,コドモ,1,次の緯度・経度は、目撃地点の大まかな付近を表示した目安です。idはデータ処理上の数字です。,35.632346,139.111753,,,
204,2026/9/11,2026年9月11日.,14:10,早川町,西山地区,晴れ,県道横の土地を山側に向かっていいった。,町民,道路沿い,防災無線による注意喚起、パトロール実施,無し,コドモ,1,次の緯度・経度は、目撃地点の大まかな付近を表示した目安です。idはデータ処理上の数字です。,35.555638,138.305693,,,
205,2026/9/11,2026年9月11日.,17:10,早川町,保地区,曇り,町道を県道方向に登っていった,町民,道路沿い,防災無線による注意喚起、パトロール実施,無し,コドモ,1,次の緯度・経度は、目撃地点の大まかな付近を表示した目安です。idはデータ処理上の数字です。,35.424044,138.352469,,,
206,2026/9/14,2026年9月14日.,8:50,身延町,身延地内,晴れ,山へ行った,寺院関係者,山間部,防災無線による注意喚起,無し,コドモ,1,次の緯度・経度は、目撃地点の大まかな付近を表示した目安です。idはデータ処理上の数字です。,35.395468,138.417289,,,
207,2026/9/14,2026年9月14日.,9:50,身延町,飯富地内,晴れ,目撃者は避難したため動向不明,付近住民,山を背負った住宅地,防災無線による注意喚起、ドローンによる周辺確認,無し,オトナ,1,次の緯度・経度は、目撃地点の大まかな付近を表示した目安です。idはデータ処理上の数字です。,35.43878,138.435481,,,
208,2026/9/16,2026年9月16日.,9:20,富士河口湖町,船津地内,雨,道を横切って林へ入っていった,近隣住民,市街地付近の林,町内パトロール、防災無線,無し,コドモ,1,次の緯度・経度は、目撃地点の大まかな付近を表示した目安です。idはデータ処理上の数字です。,35.48982,138.77159,,,
209,2026/9/17,2026年9月17日.,8:40,富士吉田市,上吉田地内,曇り,走行中に公園入口付近にいるクマを目撃,自動車運転手,林間部の公道,防災無線による注意喚起、市職員・猟友会によるパトロール・動物駆逐用煙火による追い払い。,無し,オトナ,1,次の緯度・経度は、目撃地点の大まかな付近を表示した目安です。idはデータ処理上の数字です。,35.455773,138.766542,,,
210,2026/9/17,2026年9月17日.,20:00,身延町,古長谷地内,晴れ,川の方へ逃げて行った。,通行者,山間部の集落,防災無線による注意喚起,無し,オトナ,1,次の緯度・経度は、目撃地点の大まかな付近を表示した目安です。idはデータ処理上の数字です。,35.451139,138.400966,,,
211,2026/9/18,2026年9月18日.,18:50,上野原市,棡原地区日原地内,晴れ,県道３３号を北から南に横断,通行人,道路,防災無線等による注意喚起、周辺パトロール,無し,コドモ,1,次の緯度・経度は、目撃地点の大まかな付近を表示した目安です。idはデータ処理上の数字です。,35.67623397,139.0879577,,,
212,2026/9/21,2026年9月21日.,5:00,都留市,法能地内,雨,山中で山奥に向かって逃げているようなクマを目撃。１頭で成獣と思われる。,付近勤務者,山中,防災無線による注意喚起、警察署・猟友会・市とで情報共有。,無し,オトナ,1,次の緯度・経度は、目撃地点の大まかな付近を表示した目安です。idはデータ処理上の数字です。,35.541381,138.927344,,,
213,2026/9/22,2026年9月22日.,11:00,上野原市,上野原地区向風地内,晴れ,棡原橋手前を右に上がった300m先を南東方向から北西方向へ横断,警察官,道路,防災無線等による注意喚起、周辺パトロール,無し,コドモ,1,次の緯度・経度は、目撃地点の大まかな付近を表示した目安です。idはデータ処理上の数字です。,35.655171,139.100995,,,
214,2026/9/22,2026年9月22日.,22:30,甲斐市,甲斐市大垈地内,晴れ,道路を走り去っていた。,匿名,中山間部の公道,防災無線による注意喚起、警察および市職員によるパトロール、猟友会へ情報共有,無し,コドモ,1,次の緯度・経度は、目撃地点の大まかな付近を表示した目安です。idはデータ処理上の数字です。,35.7012829,138.5139288,,,
215,2026/9/24,2026年9月24日.,7:15,上野原市,大鶴地区日野地内,晴れ,高速道路北側の側道で発見し、北側（山側）に移動していった,通行人,道路,防災無線等による注意喚起、周辺パトロール,無し,オトナ,1,次の緯度・経度は、目撃地点の大まかな付近を表示した目安です。idはデータ処理上の数字です。,35.633096,139.076531,,,
216,2026/9/24,2026年9月24日.,13:30,大月市,七保町下和田,晴れ,南から北側（山）に向かい道路を跨ぎ逃げて行った。,自販機従業員,山間部の公道（農道）,防災無線による注意喚起、警察パトロール実施,無し,オトナ・コドモ,3,次の緯度・経度は、目撃地点の大まかな付近を表示した目安です。idはデータ処理上の数字です。,35.62994897,138.9674631,,,
217,2026/9/26,2026年9月26日.,19:30,都留市,大野地内,曇り,県道都留道志線をクマが横切った。,詳細不明,山中の県道,警察署・猟友会・市とで情報共有。,無し,オトナ,1,次の緯度・経度は、目撃地点の大まかな付近を表示した目安です。idはデータ処理上の数字です。,35.518042,138.933007,,,
218,2026/9/27,2026年9月27日.,21:20,身延町,上之平地内,曇り,線路沿いにいるのを確認。その後は不明。,JR車両運転手,JR線路沿い,アプリによる情報配信,無し,オトナ,1,次の緯度・経度は、目撃地点の大まかな付近を表示した目安です。idはデータ処理上の数字です。,35.423647,138.466015,,,
219,2026/9/28,2026年9月28日.,6:30,早川町,小縄地区,雨,集落の柿の木の周辺をウロウロしていた。,近隣住民,集落内,防災無線による注意喚起、パトロール実施,無し,オトナ,1,次の緯度・経度は、目撃地点の大まかな付近を表示した目安です。idはデータ処理上の数字です。,35.415394,138.38915,,,
220,2026/9/28,2026年9月28日.,10:00,身延町,三澤地内,雨,山間部にいるのを確認。その後は不明。,JR車両運転手,山間部,防災無線による注意喚起,無し,オトナ,1,次の緯度・経度は、目撃地点の大まかな付近を表示した目安です。idはデータ処理上の数字です。,35.477555,138.475897,,,
221,2026/9/28,2026年9月28日.,18:10,小菅村,余沢地内,晴れ,走行中に目撃,住民,日影橋付近,地区放送、村内LINEによる注意喚起,無し,オトナ,1,次の緯度・経度は、目撃地点の大まかな付近を表示した目安です。idはデータ処理上の数字です。,35.759806,138.967556,,,
222,2026/9/30,2026年9月30日.,14:40,都留市,大野地内,雨,県道都留道志線をクマが横切った。,通行者,山中の県道,防災無線による注意喚起、警察署・猟友会・市とで情報共有。,無し,オトナ,1,次の緯度・経度は、目撃地点の大まかな付近を表示した目安です。idはデータ処理上の数字です。,35.511849,138.967008,,,
223,2026/10/1,2026年10月1日.,7:45,甲府市,古関町,晴れ,通行人が車内から山林の法面にいるのを目撃した。,通行人（車）,山間部の山林の法面,パトロール実施 注意喚起の看板を設置,無し,不明,2,次の緯度・経度は、目撃地点の大まかな付近を表示した目安です。idはデータ処理上の数字です。,35.53159,138.620843,,,
224,2026/10/5,2026年10月5日.,2:00,西桂町,下暮地地内,曇り,西桂町下暮地地内、仏眼寺付近で目撃、その後山林に逃げた,近隣住民,山林,防災無線による注意喚起、パトロール実施,無し,オトナ,1,次の緯度・経度は、目撃地点の大まかな付近を表示した目安です。idはデータ処理上の数字です。,35.525189,138.843571,,,1
225,2026/10/5,2026年10月5日.,17:00,大月市,七保町奈良子,晴れ,道路を横切り、目撃者の車が来ると、山の方へ向かった,運転者,山間部の公道,防災無線による注意喚起、警察パトロール実施,無し,オトナ・コドモ,2,次の緯度・経度は、目撃地点の大まかな付近を表示した目安です。idはデータ処理上の数字です。,35.65698736,138.9515692,,,
226,2026/10/5,2026年10月5日.,19:30,上野原市,新井地内,曇り,明神社付近の住宅の庭で目撃。その後、南西側に行った。,住民,住宅庭,防災無線等による注意喚起、周辺パトロール,無し,オトナ,1,次の緯度・経度は、目撃地点の大まかな付近を表示した目安です。idはデータ処理上の数字です。,35.63614589,139.1062954,,,
227,2026/10/6,2026年10月6日.,18:10頃,北杜市,長坂町中丸地内,晴れ,自転車で走行中に目の前に出没、その後西蕪第一溜池方向に逃げて行った。,近隣住民,道路上,防災無線や市HP、SNSを利用した情報周知と注意喚起を実施・市役所関係者連絡網経由での関係への周知,無し,不明,1,次の緯度・経度は、目撃地点の大まかな付近を表示した目安です。idはデータ処理上の数字です。,35.832289,138.344004,,,
228,2026/10/6,2026年10月6日.,20:45,大月市,富浜町鳥沢,晴れ,道路を横切り、目撃者の車が来ると、山の方へ向かった,運転者,山間部の公道,警察・猟友会がパトロール実施,無し,オトナ,1,次の緯度・経度は、目撃地点の大まかな付近を表示した目安です。idはデータ処理上の数字です。,35.61002509,139.0128857,,,
229,2026/10/7,2026年10月7日.,6:35頃,北杜市,武川町柳澤地内,晴れ,徒歩で散歩中に目撃、50mほど先を北側に向かって歩いていた。目撃者に気づいておらず、クマはそのまま北側に進んでいった。,近隣住民,道路上,防災無線や市HP、SNSを利用した情報周知と注意喚起を実施・市役所関係者連絡網経由での関係への周知・林政課職員及び警察によるパトロールを実施。,無し,コドモ,1,次の緯度・経度は、目撃地点の大まかな付近を表示した目安です。idはデータ処理上の数字です。,35.78153,138.33291,,,
230,2026/10/8,2026年10月8日.,18:20,小菅村,長作,晴れ,走行中に目撃。三頭山方面に逃げていった。,住民,長作旧プール付近,地区放送、村内LINEによる注意喚起,無し,オトナ,1,次の緯度・経度は、目撃地点の大まかな付近を表示した目安です。idはデータ処理上の数字です。,35.723278,138.989556,,,
